quality,coverage,history,value
0.6872700594236812,0.42959305018703375,0.4093645469887248,58.060354728444665
0.9753571532049581,0.6793306631648507,0.39758303925759986,75.81546506829157
0.8659969709057025,0.9110620851134859,0.9250036644168294,93.06999004162323
0.7993292420985183,0.8125574204866928,0.3996369598796049,63.57382484196243
0.5780093202212182,0.8645928035030148,0.4175597809029048,69.87983538095887
0.5779972601681014,0.7611483566975021,0.807518609934371,71.25430079566517
0.5290418060840998,0.7845935951624967,0.559791873960432,60.770859226831156
0.9330880728874675,0.8944369560957235,0.821368445564145,89.87996985466391
0.8005575058716043,0.4747676062014301,0.2522929260515082,46.065313438710334
0.8540362888980227,0.6425974745501983,0.5900569549387075,73.44705109604888
0.5102922471479012,0.45484660927372156,0.22689088014662612,36.85673567325159
0.9849549260809971,0.9913676055976528,0.25012256276428363,73.58577587904715
0.9162213204002109,0.9608415377806292,0.9251499626755288,85.79525977412922
0.6061695553391381,0.3275987679579541,0.31139629689407616,49.06108838939545
0.5909124836035503,0.7939026207609818,0.6259365458201738,63.925187747816786
0.5917022549267169,0.947673822190966,0.5288764820805653,77.72722457534911
0.6521211214797689,0.4264027415891335,0.47787466100707415,50.27680002472579
0.762378215816119,0.6975616613868406,0.919866676549818,69.3696639069649
0.7159725093210578,0.9408418083116292,0.2174587174203916,61.422209399515836
0.645614570099021,0.32376218501005916,0.7310317489404714,61.6111111028594
0.8059264473611898,0.7881941870727879,0.9707155473708404,83.31225223658285
0.569746930326021,0.5081443051607855,0.6481345467694736,54.03685508045216
0.6460723242676091,0.9470773367635712,0.9494579696264736,83.52714012735512
0.6831809216468459,0.9797407716157573,0.24180630342881904,70.17223513898354
0.728034992108518,0.9609865423794037,0.5350346552593291,81.7187891286154
0.8925879806965068,0.6319499516602246,0.40812623276964094,75.26741950467378
0.5998368910791798,0.9034298556925193,0.7846567719845838,73.43109666307454
0.7571172192068059,0.8911845789745492,0.9850376723977974,79.4718524119162
0.7962072844310213,0.5233703312702789,0.4052240499553983,58.229528414969195
0.5232252063599989,0.8802408319054742,0.7233396811792596,71.12233193348749
0.8037724259507192,0.32590534430084483,0.35847810620779214,47.700742112700084
0.5852620618436457,0.7173889149374371,0.6522642036572879,60.03994501351311
0.5325257964926398,0.4610061861013921,0.571145989350669,53.43383751477047
0.9744427686266666,0.38439682004409514,0.9776042637052298,76.62844428138848
0.9828160165372797,0.3538672411404464,0.6868218181571732,69.03252453239408
0.9041986740582306,0.7874021431146978,0.479605097669455,71.92467273957968
0.6523068845866853,0.5379124746376462,0.2912766279103467,51.04912412251486
0.5488360570031919,0.807336740070133,0.3209974629879477,53.61399903593951
0.8421165132560784,0.34574943855925966,0.3802535439609881,59.74322153446586
0.7200762468698007,0.5207032364814272,0.4007733290722384,62.22324305206671
0.5610191174223894,0.677643904662736,0.8804928462729102,58.93968320572364
0.7475884550556351,0.8535062153872743,0.6489782306260199,71.35315720546845
0.5171942605576092,0.523126752052449,0.6187127290994932,46.98237869617702
0.954660201039391,0.7381239635059063,0.291815097495374,68.06600452963222
0.6293899908000085,0.9201844237653309,0.8881117546795481,79.1676584818238
0.831261142176991,0.7311042317276132,0.778251442566787,71.04715376322312
0.6558555380447055,0.4630716323275436,0.2541346895200013,44.185796825625715
0.7600340105889054,0.3170805470895766,0.7662680777838149,55.636094655879276
0.7733551396716398,0.9090692117306509,0.6348305738741169,79.65872899128603
0.5924272277627636,0.314888587595271,0.26538027659742264,41.69941827646184
0.9847923138822793,0.9122911708789396,0.5666405132229252,81.87920859994091
0.8875664116805573,0.6702559938190484,0.5877570297040375,74.53964635418693
0.9697494707820946,0.9573473889590274,0.3326196321306206,77.87922782517893
0.9474136752138245,0.8591482650415658,0.9565585176002258,90.52242367338316
0.7989499894055425,0.9985538773733362,0.8799802971845296,97.2741531653944
0.9609371175115584,0.5454982708161971,0.7352178698632867,82.61267618456314
0.5442462510259598,0.8370318022517889,0.5698364488004858,58.81396815522516
0.5979914312095727,0.5813516395264695,0.5294124332676069,61.65093755289538
0.522613644455269,0.6359129342127361,0.7207787737207634,65.23795059113357
0.6626651653816322,0.739253824252859,0.6363454955255243,62.54781140849037
0.6943386448447411,0.911573979930437,0.2498184847055085,70.01798542776694
0.6356745158869479,0.9888584284395066,0.6100021190162654,82.97673819833005
0.9143687545759647,0.8377913897051628,0.8451228937862716,81.412797136154
0.6783766633467947,0.5924367475171336,0.5673919020775664,57.46763614383931
0.6404672548436904,0.5949499015939491,0.24156526204341475,57.569375634838714
0.7713480415791243,0.816307611112224,0.8290225595072265,81.50772859390172
0.5704621124873813,0.4671440020378116,0.36109102570877954,50.95318158973576
0.9010984903770198,0.37733187919197625,0.40689666791043105,61.12591816656322
0.5372753218398854,0.5482355103485436,0.3317650827458367,50.92686240908108
0.9934434683002586,0.5010672941578572,0.46417205189719807,62.247034683409886
0.8861223846483287,0.507415684319193,0.805401204550908,78.57606298398484
0.5993578407670862,0.46352542573493694,0.6155086876031499,61.433370683623856
0.5027610585618012,0.3294652327454533,0.36390501932057007,39.59239725123703
0.9077307142274171,0.3125117543133897,0.9022640625216327,69.58635678403684
0.8534286719238086,0.9914056728152221,0.9036654839612235,83.7724450117371
0.8645035840204937,0.5994411936151036,0.8964627400368055,80.54342741835768
0.8856351733429728,0.5690286530117772,0.39103696910523145,67.97762122533263
0.5370223258670452,0.7757530978851488,0.5609914753447904,62.34608325928522
0.6792328642721364,0.4527777215055449,0.9879917249127002,73.33809474574954
0.5579345297625649,0.9649728287651578,0.8176099810479924,74.86129356858322
0.9315517129377968,0.8504415100908864,0.22173393698044785,75.39389942467209
0.811649063413779,0.36258770161858167,0.25216367300839365,46.36230222495078
0.6654490124263246,0.5923065430494499,0.5711451014498663,61.5095562856592
0.5317791751430119,0.9153828152935153,0.9273761646892482,75.62219836871053
0.6554911608578311,0.9613124156039872,0.6309614383621713,76.76615654971178
0.6625916610133735,0.6271810578749089,0.5982500064274322,61.56361898267576
0.864803089169032,0.7293879724474954,0.2843789599653045,66.5728136231979
0.8187787356776066,0.41692376226445266,0.7254240837794352,69.60931905805353
0.9436063712881633,0.9938180382958834,0.8576825284801803,91.78612821769589
0.7361074625809747,0.4621701909684104,0.5043360060060499,50.1957698335912
0.5597971229691509,0.959912241894588,0.8204894807402621,85.24896992461026
0.8566223936114975,0.7547526542946579,0.9715813231206494,91.87804211624159
0.8803925243084487,0.7254157564152013,0.3630131673021513,63.21926815389569
0.7806385987847482,0.658881957711556,0.618663704955793,73.20154412141518
0.8854835899772805,0.46146886820243105,0.4297103664676605,59.7986392951111
0.7468977981821954,0.42356962240385576,0.8342835352270714,66.87537316875485
0.7613664146909971,0.45434034634912274,0.662074692704926,64.3795566725498
0.7137705091792748,0.43050678350097815,0.7076659340402431,60.1381671391297
0.5127095633720475,0.8457091314967273,0.8383313276927153,67.14765700165326
0.5539457134966522,0.545087681416711,0.5167763781299639,50.70260158111877
0.5157145928433671,0.34048987359437743,0.9320720547256347,51.26657108027255
0.8182052056318903,0.9783718410985678,0.626423093796912,78.47268896749605
0.6571779905381634,0.9186501194743979,0.3263638582682784,66.26307880959064
0.7542853455823514,0.949426598236649,0.756719294535042,78.74052717939907
0.9537832369630466,0.9964354758525047,0.8346090803506037,97.30205847068771
0.6246461145744375,0.4217266744536411,0.45340934165402136,58.51774250688511
0.7051914615178149,0.5773694132318611,0.8857434055990023,67.65890685695257
0.8777755692715243,0.830766932992864,0.9249146038126133,88.50775302360343
0.6143990827458112,0.7872144326376544,0.42152358990224714,65.1649837512212
0.5384899549143964,0.40772713443789854,0.9868171781721777,62.84048871080312
0.6448757264568841,0.8710831874934324,0.31256922243900676,64.4769475211011
0.5806106436270022,0.45710840028566246,0.361612534721992,51.97694521492669
0.9648488261712865,0.4566723303758361,0.3473798713904209,65.67322615816954
0.9040601897822085,0.6758820960253895,0.9151917680062964,76.50976304069789
0.8167018782552118,0.7150579543891922,0.7234340418599696,80.1267349022758
0.9357302950938589,0.7060603454864678,0.32168342657781834,74.61986374655989
0.9018360384495572,0.3640407861784284,0.5522587346946792,58.80490690070136
0.5932850294430179,0.9142226038412662,0.6922384200558416,73.22484199079908
0.9462794992449889,0.48592002981209426,0.26677126799150663,64.94430767706586
0.7696711209578253,0.3906604448979629,0.905933094725871,66.06171867999169
0.9037200775820313,0.9221236559082839,0.8428828283532281,94.86009200773196
0.9480456499617467,0.9689560487608273,0.6041654188613106,98.75878564972841
0.6590017374859319,0.9034893320858153,0.9737012922073365,78.3947982644493
0.5550259622638384,0.8666612523074146,0.5342087834200797,58.98417889104616
0.6139675812709708,0.7586693864473152,0.9872882552291984,77.31343113524919
0.7135538943131281,0.6856001594263974,0.7343359990429017,74.5043738541523
0.9090073829612466,0.3608907319379871,0.7077370186031533,65.5305645321344
0.9303652916281717,0.5859172491494891,0.33276391623662804,73.30711660787986
0.5034760652655954,0.5608819619086198,0.9055422066437153,55.71543744490215
0.7553736512887829,0.4818276486322283,0.5419917503364922,64.09330062724966
0.7087055015743895,0.8063940795820095,0.32978672462598346,61.78737686020103
0.6110539052353652,0.6471130145551396,0.21008601598060725,60.94015164939615
0.5599326836668415,0.3567323511353535,0.6478045469107061,61.04063007501928
0.668807585701814,0.4541282413648679,0.6219196976981411,54.361501379379725
0.9714548519562596,0.7782811345617171,0.775482897895327,82.73732055575076
0.6616014660103776,0.3532916016432101,0.9122064424142418,65.9323651931825
0.7593953108716831,0.8958448398341381,0.26352526771442364,66.38286027297517
0.8515094794475889,0.6466025689097821,0.78519719227229,76.09434280689199
0.681814801189647,0.6364106041286536,0.3499295552780658,58.42214417675245
0.9858910413604803,0.7146854492616623,0.8865416425257313,77.0148076607324
0.9812236474710556,0.8772766761476043,0.8552508110893249,91.2657111107703
0.6258911479126821,0.5434664455315351,0.6326350039884355,56.42420773950103
0.7486242529461927,0.7746113067913445,0.7681942388986494,73.79560771601214
0.6504391549083848,0.6960123747970537,0.4514800905469987,68.88316159525131
0.6424202471887338,0.4869197891185949,0.5769343191462517,50.879826013960184
0.5184434736772664,0.9150409904486105,0.8573095181683774,78.26293750074133
0.8047821669899484,0.8581982151248497,0.5674121577385711,75.0187135007729
0.7513395116144308,0.7609162842608979,0.4862386122603535,67.44281487773831
0.5257393756249946,0.8954072103659694,0.5953699578002399,71.20493581307328
0.6393232321183058,0.9071059406718616,0.8625994019497747,80.58687872983622
0.9541329429833268,0.7958540837005244,0.4681664378966982,80.57743658236653
0.6197809453334862,0.8859093298545704,0.3390092745085951,69.11421952362859
0.5724474360456115,0.7882300231684984,0.7696112162646247,68.0696867434209
0.7447263801387816,0.7760985402322103,0.8607825701664655,75.4108846953015
0.9928252270553004,0.733027964750629,0.28050998281882666,66.95598478616571
0.6210276357557503,0.8269016476903488,0.3918992902047558,59.45309270461634
0.8360677737029393,0.4110235737051516,0.31357759180879513,70.41344794956139
0.8808098076643588,0.91660953143925,0.4783531292657333,85.49595204227536
0.6188187719961998,0.9102904694216623,0.5602807831243302,63.86456505667432
0.8641081743059298,0.3204730981241914,0.7990610695706453,59.14512236213218
0.6838915663596266,0.8780717253953338,0.7209180679053393,78.52045504944768
0.8161529152967897,0.3902089072314116,0.6967428539827449,66.45832370142945
0.8167648553804474,0.5345831979813993,0.48189995728772356,66.17292425334678
0.7678873420373793,0.8204557794041254,0.873158042467808,79.98561805456627
0.5451448850272042,0.4125319272338157,0.5770297339185317,50.04288490222051
0.917651247794619,0.8725769168833435,0.9832839504121236,93.46773838380165
0.6603900324858679,0.8824939245704193,0.7073137106365894,75.41519645678078
0.5932592551999272,0.6552274136325853,0.3010117932516022,43.09212265268995
0.520387570777382,0.3044701102017835,0.7409420496603472,48.84650977679041
0.795446471594121,0.500926693222439,0.4600832123453592,56.59534126388262
0.8387821809211412,0.7318488428630194,0.749061757348878,78.76859776531585
0.508293914463928,0.9868303246191963,0.2557129185299246,76.18993591649415
0.7560465291496405,0.7422694689116678,0.3399051497407675,66.5563296487847
0.613247887598969,0.4818625067449118,0.8845898071246292,61.94219998728442
0.822586395204725,0.7438039921697279,0.3817436456188119,73.08919418448605
0.5871832145024958,0.6779897658010988,0.8696329001943521,71.37123232404316
0.845468869051233,0.8458917766058005,0.42342087076352836,76.11096116459974
0.6933676731502687,0.3748864471788709,0.7143055280469661,61.747623744523736
0.9683649943683672,0.8327195317514196,0.7553204588078648,97.0455126803787
0.5687604720729966,0.6788866050732771,0.6101238025160424,56.110102946756044
0.6705331755251293,0.9740944027012961,0.44424854135738506,74.38900503354243
0.5567367606202945,0.5393105162270803,0.3701155010968769,45.76632037027382
0.9623468091392814,0.7428353251937636,0.226551483649941,72.93445907031274
0.9386696766904905,0.9524196738570121,0.4431571209925791,77.36697111999905
0.6289708138575778,0.37175680959347546,0.7225302324250265,54.146742632674986
0.8299920230170895,0.9560599410655157,0.9506438547587861,88.95242565575676
0.9086111001006079,0.7815200056105693,0.8969635858104417,91.00081744237883
0.7776004057997312,0.3474859413736203,0.8128518212282421,68.17959193048408
0.7648252891780032,0.5106744968627713,0.830757874602639,63.00697894015117
0.6209261454502258,0.7957204620516971,0.7319879227807962,71.26163061433759
0.5465513839029497,0.34714542102814017,0.4082294860528024,40.669982969677086
0.9486078789766634,0.7075193221233913,0.9257560245646639,79.55886749412517
0.9502090285816652,0.5421181398670697,0.7365858495246673,74.31205702460888
0.816550728636634,0.7346408624372339,0.6483525047843519,73.04085800809824
0.6695148955243504,0.332019423668759,0.28879157537078487,57.754647465377815
0.6746047873063304,0.9100757643066633,0.5576444350451404,74.94275324591842
0.8629778394351197,0.9814422784241779,0.568286616961541,76.18867124251834
0.9485551299762885,0.9782144986999839,0.8916508876181359,91.64711482314966
0.9435432121325587,0.8247562822200472,0.6373185761502308,87.64807924390676
0.8899377729288119,0.39106036809144235,0.5043204391763277,72.33484864411078
0.8210158230771438,0.8307842371503158,0.9814402628085275,78.52417123237021
0.5420699824975244,0.317210841521161,0.2885764746610526,30.599968693972695
0.5808143570473069,0.31548648607029806,0.5380387426495556,57.08039573745051
0.9492770942635396,0.5265271534046788,0.23361974013712425,64.18809852998797
0.803214529829795,0.642050233283266,0.7919232966135443,70.0569581140629
0.5045985258083148,0.8392851924654552,0.9344612417593205,75.5935992432187
0.5507357714330161,0.7783067636245535,0.4240298636403916,46.69217548010541
0.8317508845540279,0.6121318944637237,0.8866733414392967,76.87836275735967
0.5025307919231093,0.4915386663971661,0.4337745843695182,49.78855547427857
0.5804040257087493,0.9979871501103978,0.9286161293151323,85.98246521278135
0.7743668946832931,0.598326911565181,0.8031695228774272,66.92587600258605
0.8459475988463466,0.6159709170307728,0.8439254214731509,76.92345739377649
0.8259806297513003,0.4145366748341684,0.2144052444803636,48.28101679095906
0.61213465473028,0.8563666841249504,0.9702482856592207,79.99134605343656
0.8560896106737679,0.785577558047042,0.7813367936562587,76.79548718818853
0.6186245437484,0.45453872895213226,0.4438008763089067,49.708354975182196
0.6626998490796339,0.3576667319310899,0.8635157318870776,55.6351459039993
0.8732457025590121,0.7763495114522991,0.425216958731944,75.98816618060783
0.8248164495236073,0.7581578499967947,0.8982030716529024,86.27551510543799
0.924611705247089,0.49128166889874647,0.29006431232954966,60.25783157979136
0.8288064461501716,0.9656044935752872,0.7629487819686367,86.21332464515798
0.7841543016677358,0.40574052424663015,0.6325587813159284,54.13810287507197
0.5468373839140462,0.6026343607298212,0.2772275761563527,48.39800414598047
0.6838579015297168,0.9605311441173192,0.3935150626070712,70.5597595852629
0.6326011838408627,0.5938091218482856,0.20992322902185184,64.43941279902069
0.6219948216895418,0.7469681633648598,0.5750143723716047,59.83920276577106
0.9865052773762228,0.578316078573956,0.44101220860800033,78.04746525409956
0.6965488623333802,0.491950641644069,0.6786859874382071,67.03167050416184
0.9460232775885566,0.9887843535718797,0.43779024616689377,84.79632165518107
0.8155693129986314,0.5865338044205302,0.4399352892055878,72.94294032577918
0.8974056517708242,0.9258694425753939,0.7945545589852827,90.02604789863814
0.751318546552596,0.4609682241237603,0.23851426878268278,54.09528240434217
0.7884519423131795,0.4491732928175583,0.9223159961535898,70.05143957989374
0.746258846909432,0.32179385801915794,0.8818110995129451,69.27626080696457
0.5976214938990223,0.7561667777631195,0.7342437465811253,74.20913681125263
0.8612260576307527,0.5579684406066328,0.6745772560859075,67.71398269112888
0.6403861812204279,0.9050507748877459,0.9138419985117219,73.54203835968742
0.5121579832157269,0.63124693468409,0.34826414362297153,50.27166244616823
0.822736147953584,0.9777353995403051,0.2631753297526629,69.70937532388237
0.5885553397035245,0.42986786099218477,0.3916081359276305,48.06016924798143
0.9702292921764571,0.9080362175689276,0.8356626229601523,97.66919554939525
0.9769642885012937,0.8436177969542191,0.22773621338118666,72.01209149254514
0.9574321951102243,0.8396452912508363,0.6662454680667917,84.12689279330016
0.6850793501277221,0.8913482596818214,0.996350012953048,83.7992270918408
0.5077283082644337,0.8327167936600992,0.8845568750700317,75.81029639645803
0.9641592812938626,0.7383542251419908,0.6171565512348716,68.60323624267293
0.7140920741586572,0.39187141437767126,0.2509127274293139,45.51849918147114
0.9833274095218347,0.3227683256438763,0.8650988115085678,73.31387652752062
0.9818099885446264,0.9445934934709808,0.6791828065417684,95.3131367589479
0.92650472773368,0.7316552201645166,0.2919463976476535,67.50726951876558
0.6472244460347929,0.8575761036833234,0.27508582785868496,53.398523636565784
0.6925488643009626,0.637065646058785,0.927701455549274,76.2903458026585
0.9255683357584285,0.3821157322736761,0.7353602103504628,65.60397737454923
0.6584610025781388,0.3876300545417853,0.8634294394534046,55.54289470297134
0.5847463733430462,0.7798957010602798,0.9031831202258138,70.14405552791087
0.7784006312291751,0.6012141264296238,0.6574178816386578,67.69133992689103
0.9680773870803905,0.44036730869023566,0.613957081404033,66.46115499978362
0.8480148983374864,0.6441161827190058,0.5443419282567922,59.04538024958911
0.7850305850446825,0.34494625595259387,0.45355727023289544,59.29860510038613
0.5485882468853842,0.7073799813400792,0.5476767686869695,66.76812364588599
0.8075036133495849,0.4882953831045683,0.8191037245841251,73.12568601394395
0.9950269250521316,0.8582913704460318,0.6815387448121053,81.19131523587494
0.570042007618262,0.5172533712465016,0.914018631963877,62.74855642771737
0.7591648261818684,0.6186541043572609,0.5547040115033501,65.85448041121533
0.9386865359639778,0.30813437793567044,0.6856716629750033,68.46792818849221
0.8703843088771022,0.3507128214561912,0.7050460424735909,68.05817461148096
0.848507870497634,0.5747454894846793,0.6733577298450604,67.21948120410316
0.8512420419935547,0.6359571843019864,0.7621070184684131,75.77083637408984
0.6797455756098776,0.7200143836835126,0.38994677469984507,64.42539784389037
0.6467959221322467,0.5041638050965123,0.6098910220366325,66.04395722531744
0.9046805777392568,0.7864873202885798,0.28337984224667817,74.32130807496114
0.9050566973395904,0.9020856780324431,0.50760906211585,84.41077661449296
0.9335361592900518,0.8458956922253449,0.5901336548970115,82.12027011156124
0.9566202762782356,0.32773317774384997,0.7217794076363779,74.83225318909115
0.7556711994304689,0.6363548630804803,0.960424842068963,78.55870321655713
0.7507581473435998,0.37345112489272236,0.6805208532386847,55.80869704508854
0.8991475894833876,0.46943151110376924,0.7948751329412478,79.28473464212458
0.8249819653888826,0.9906638152870024,0.6050128475961623,86.2873497031996
0.8509834386288517,0.39974688003105924,0.707283225101065,63.49733886812535
0.8978963347180505,0.6492217074159492,0.2567457729070188,62.65979263395949
0.9450026709087831,0.7327090140226833,0.4035132646734776,75.015631669686
0.6689975784257679,0.7917254793808728,0.489482474564111,69.02328075580196
0.687791476319972,0.6917540784408398,0.5779946840052108,67.15938022651457
0.5469909699204345,0.3068395931934286,0.236518996401907,40.08854283584948
0.789140070498087,0.5285229157707942,0.31201927804265417,66.36417369584953
0.517971136898371,0.6623981503692979,0.42145144623304465,59.796782655860824
0.7327990090662301,0.3615065494013833,0.9772261527208406,67.34852136604376
0.7713223173537883,0.5454388518464265,0.4650776056824406,66.27674555467489
0.6432706260641422,0.32324217615395656,0.5856328464896661,46.52250285255812
0.7954166302845054,0.3550049480085145,0.3568781701907144,55.153427896180126
0.5152501249695247,0.5778462933411173,0.6886240568606146,67.096758435901
0.5186740943746072,0.39290102783014225,0.4245465724127795,44.02193458239689
0.9113002803298291,0.6972785937830906,0.36559406275074147,65.75844392127446
0.6800953207056315,0.782625478396086,0.6132581027567833,66.66671269804255
0.5635302563259423,0.8604106893763579,0.20440463932833666,52.317535177706695
0.7611216300274022,0.44010517097136703,0.20613122611938028,47.07801729743992
0.8849967765493054,0.4172378075813488,0.37525504728148623,57.53203001640644
0.6079105137484215,0.37319748823408017,0.22937709000065692,36.08492479225288
0.8114452379095001,0.7455011746805457,0.2864206033045531,65.78895738256095
0.542673732496884,0.7945330085408308,0.4710885194710013,65.8042034545127
0.5258408605843039,0.32211030137794944,0.8420685436638504,48.820427662462045
0.7656773157840739,0.9553485723705828,0.6576389146954407,88.10168514992822
0.7703175608050532,0.3363798985560307,0.6101341807651331,60.3933138434295
0.8187149507491033,0.6789074347107493,0.43479105856649736,72.53303763712307
0.8630456668613308,0.7963423636156415,0.9454029755462532,82.73971102039633
0.9879260397312672,0.90967838662226,0.5176120329897533,88.5687120811067
0.7581501741505976,0.7998608524926993,0.26967421343661724,59.60332263720724
0.661478236470623,0.8612096581488542,0.693653212894241,78.39403532057338
0.8975930973843518,0.5376151347799643,0.29107071478128116,62.85621818117251
0.6354161256310371,0.8703775796225586,0.4761785142413537,70.5505792679888
0.719485710352818,0.3560803924692726,0.605929550974247,50.51250789676918
0.5392281906711329,0.9263716592423692,0.8993780197481407,72.00123698264873
0.5126753717077288,0.6833146633076153,0.5948372642720949,62.28010078214498
0.9813242073389625,0.8721084389737455,0.7618070128253314,84.08019895715186
0.9179900602561029,0.61662279916281,0.9942534711992563,85.47376862141948
0.847987103046849,0.7505043866375674,0.30519129591838534,60.981231019847215
0.7044764722071349,0.6684818626552792,0.4197852204156156,66.3114256549439
0.5866471600354228,0.8121126652287323,0.5156608604781172,58.61873462253294
0.5782185213355431,0.3571409874214127,0.5374625428310651,51.82673867234541
0.6251214490822976,0.34224645879339466,0.5288168602124366,53.33206019460164
0.7746133323530602,0.4729722638071025,0.926088802045244,67.20692348635421
0.8572979613500311,0.41168127607923183,0.7712261155734852,70.89154884153513
0.8300986883588657,0.9102484966145412,0.686324171272563,83.52296051434543
0.6399669484729714,0.453449791150631,0.4474981742902257,49.96266570548289
0.977432640331597,0.9831056790733919,0.8590323073770358,89.93903864487744
0.8689484583478843,0.5358270542397747,0.9640484091879913,67.79996700364437
0.7771770262557003,0.4274825409820895,0.8569586260401814,69.22118587210414
0.8058603731171761,0.8527889549997354,0.20125208415317833,59.28931659669697
0.709800031213895,0.7610954428506133,0.7091210961467256,73.23509014920194
0.6238654947505787,0.6487370015171973,0.24090830515368059,52.365881391555824
0.6779863393256308,0.6887544856563419,0.4060857762669775,64.77371885486261
0.8789230552321845,0.8034412447905845,0.24761976027821736,67.95763228646395
0.5071967443148779,0.4599183189319091,0.6830363623595102,51.813681062464234
0.5580363202534582,0.9974337412397194,0.7492719307940854,79.62278554482212
0.5230013210108764,0.9823552135027482,0.2915901104527241,64.26752821976993
0.520364401159485,0.7552279804428558,0.5070711064359836,61.50511280869283
0.9277302920055036,0.43967971565040154,0.5649892071644336,68.96906985613766
0.8518289296900119,0.7761597697019038,0.4952424174087333,65.94194894634991
0.7370869145436626,0.35053888628542307,0.2968200003881545,52.95678101137509
0.5489170803255008,0.3214567515440642,0.5351582321499804,49.648969290879805
0.7458079375584161,0.48037802195784957,0.8009424382467345,61.585693584147265
0.7367358853902828,0.6238360697175214,0.2568061316266044,56.50344877801867
0.5866009349550076,0.9077907537858663,0.2641440112655228,61.64377762420554
0.7169258246189865,0.8090183488364155,0.4838170334687874,68.41561710874501
0.6992523671986868,0.8198945648399867,0.95338056929514,82.17021852256818
0.8079250490261083,0.5978453341136527,0.7348581173783313,78.76987549863638
0.8175468254338218,0.542154494782874,0.7429359653380518,75.65951310656891
0.5226520048860223,0.5597271340892218,0.489535992670292,46.17383373816393
0.6873063073132356,0.9913546946152405,0.6749286329668307,82.17323237976385
0.8129299578571182,0.3280764339887377,0.20810494722219472,55.847163782122465
0.7515681292900438,0.906922047285714,0.7088768371276337,81.4609603582386
0.9282449205941612,0.7050727860006754,0.9306295580609893,90.52798541124466
0.8293468158094726,0.6070307934327133,0.6900587746758553,81.73277199792408
0.5814672135407148,0.8076803622905955,0.8989588747730761,79.12002082166126
0.5352843737002149,0.640668258997292,0.7791784443728751,64.56076810044432
0.8212096391031578,0.9113962666571624,0.2964467331229522,77.38386559562456
0.513255655270811,0.9304913048078809,0.9219626458286734,76.87092719030956
0.7928877906367316,0.5952046488114188,0.2531550754846199,58.996066437409205
0.9701151207124787,0.49377945806453605,0.6271739780382111,70.00916413314452
0.7877370889379395,0.7146452300153535,0.31370969903476614,72.18187587808465
0.694084963103261,0.9386543419316837,0.20936528858472325,61.75828937664745
0.8216441092211766,0.44746353230396657,0.5376274081021113,69.62951182542926
0.7291264452457583,0.7360766084944379,0.436032566123325,68.32787387892066
0.7728083946579675,0.7420921540647644,0.5888003950380825,64.6090401805278
0.9707324043882626,0.8131791156906967,0.6617599093876407,85.67280942435302
0.6930513189003871,0.39209737958908186,0.2349912578471579,36.82010994955418
0.9805952819119571,0.8010774752774619,0.29840263609899653,77.84912889781953
0.9526753209780319,0.9363227644659486,0.6469139171603403,91.47731493938294
0.5978955673946482,0.42577817620916936,0.4745338825381266,47.71962614829975
0.5346806504375827,0.4662803274467143,0.7833387900395585,57.908245708905184
0.5503890006887133,0.9799765658291477,0.7218333188735517,84.13135997215892
0.5091109128257749,0.42668386689664284,0.8764834903919254,54.68172559290195
0.5472214803779643,0.8980695653587054,0.7539942613353803,66.87661260077476
0.8415033867081785,0.6445944995136244,0.5439448619121185,77.22788151141995
0.5355943242301144,0.4730617520822239,0.738373297915546,66.25320269262502
0.6594878151468806,0.909524930890758,0.42030493940433483,68.73898703139936
0.9224376554847273,0.6117136785018658,0.44505079902257016,74.49107011956043
0.511635967867913,0.6603721477507831,0.8311881279366347,71.0655466620642
0.9072342412944678,0.551463358579836,0.5571356131212657,65.80655636741268
0.6409273873867,0.7150655960044492,0.838704272414682,69.20546898915144
0.5590824138108281,0.4144667108095159,0.8579378989346227,64.47245146990542
0.8483685826820753,0.5737570756562325,0.8860498701290271,84.59255910201938
0.8144714233899419,0.9785886256347012,0.9333081886729659,92.97656785050815
0.9387360067635264,0.48069340289078927,0.544788176410637,63.59434201447433
0.8675355219019429,0.7597156651789045,0.4550934546569111,82.60411108225937
0.9017404651924243,0.5276330449572864,0.6657589972752911,68.52589562402446
0.6410172862856532,0.8414311879806204,0.49693793875010206,65.83854259364314
0.5887197718898614,0.39161156250284485,0.6808593334401865,55.988368071646796
0.8753073758204292,0.9788747315549813,0.7644686901150597,96.15542999369187
0.9034173696336321,0.6176526789685475,0.7507240147937095,80.7925188018483
0.9952525710003366,0.46523532434252474,0.4996423096160971,70.65872443421381
0.7063088384557132,0.35144772313100886,0.3334881613590023,51.20667053237943
0.6860090428963916,0.41883053356127853,0.544423470769766,55.9275905029619
0.8882064803709984,0.6638417639892124,0.314075315265527,69.40530140869308
0.6704017701265089,0.5359022235019004,0.9120776281470466,55.726788942831526
0.9653786628017824,0.8802183561178265,0.47670196859028596,79.85730089560337
0.9292063759215059,0.6016212665632641,0.32356779777865907,67.52080398562485
0.7144970136875092,0.4740999908113409,0.2203582079246007,44.92726500591478
0.8754355338957487,0.7320014906228209,0.7166579090291874,80.48553784241616
0.8772714370423411,0.794744051819812,0.7095218539637946,79.62258953955133
0.5515619344179663,0.4169293355306649,0.47248333326503333,57.244465943495214
0.9512764533397833,0.4173334514018223,0.25736951107812084,66.95706533568242
0.7526261862239285,0.3256699988534801,0.5277031159161856,52.36704746114277
0.9132287330538709,0.8154814105459482,0.44897399605071486,75.54116003469743
0.6600248005153059,0.7646631693352635,0.7416965117880074,71.33687791400467
0.9477616142481002,0.6322416130248697,0.6846233995621522,74.89620863405014
0.6946008393670815,0.890919314278438,0.491674982558032,72.23320905852002
0.5054188257401492,0.8639691070650373,0.3743140434039921,56.02211251754412
0.9526909882096318,0.7097480550777264,0.9904287729244736,82.05646410452991
0.5456433383930668,0.907789896359281,0.5632012969568919,70.79196845172115
0.6596568187952074,0.44408884702573775,0.7506193886241896,63.84251503442292
0.9750309835254025,0.3783437335784095,0.31244237406268865,56.03275056952769
0.975303573468778,0.4888247280618927,0.5884717597275182,75.30957956791833
0.7867189440616431,0.3399607992625204,0.2220293758955724,45.76023148821659
0.8159186060848996,0.6718186696007225,0.6043640943283599,72.52532622782019
0.7242227609891598,0.9556239846064729,0.9712139256941619,90.79781810620926
0.6466053858490323,0.32754047846795675,0.5073653703886403,49.844203616537214
0.664332272684958,0.38547693980701875,0.2311968100599293,48.11860861284788
0.8362592280385193,0.6165393197984046,0.22476463273547484,58.06621291343395
0.87618726471884,0.9537125122695334,0.5103894079574955,80.20483079998418
0.8957895218629243,0.5213092734837254,0.3280199491705552,61.24860702130954
0.894809071397277,0.6550643660818747,0.21868167706254873,60.45376586261922
0.5456030515243452,0.3291010013352745,0.8049708911601414,52.58305857113304
0.7472101523512907,0.4038402406734622,0.5668184071055126,50.450183200941886
0.5287793800083221,0.9906410860711927,0.4313958175781236,64.1527399165672
0.7747644411618677,0.9755830875052318,0.9200665464131845,86.71327190263908
0.7207652506866885,0.30345798665408674,0.2929111681604205,45.49352000189419
0.9438520913791499,0.9662682497962671,0.9647350631642555,94.48436174778786
0.6754575062760393,0.7473839564708502,0.4511733739018823,64.14725207576774
0.558533508213803,0.9075428061640154,0.910722937846945,79.27061958089661
0.5714958410264179,0.6183178989437013,0.6823543011835693,65.93240300433811
0.8807553158587361,0.6609172200054751,0.86136588779319,76.64763639512948
0.8091090316581305,0.6421926061798441,0.9872105305683714,73.50536146988333
0.5505613380613952,0.766804980282273,0.4307243502549966,54.41851452749475
0.5420534030574987,0.397755878329419,0.9689083883260745,57.39028696600684
0.85048456572956,0.32098151291087457,0.5115855159219362,56.28376689002887
0.5363815031820968,0.5155509591138336,0.5084095237895379,48.359801460019206
0.9109300296451781,0.7932765339156527,0.4723096834036046,69.52903863669562
0.8531211135782482,0.4412974164860638,0.6331260858780682,63.11780212972292
0.5406743903209499,0.7714027033274421,0.3233160345427897,57.61610419343807
0.542418857042596,0.9789384322750894,0.642969188286409,75.00897644767002
0.9933197892505877,0.36573050105259286,0.6333638499280032,65.58034008952274
0.6871353978780601,0.7708214827575883,0.8095214500838961,72.63721495301823
0.6853210735334454,0.6106251535131998,0.8669199695500684,65.82423100881498
0.9063997836287513,0.9076995780642536,0.5523530802499392,81.67710773177353
0.9736242886919293,0.4240048526131701,0.441866599481195,60.58966320521393
0.9930005319114354,0.7848381665583151,0.4074679178536756,80.24169411854633
0.8766890926294708,0.8866807027536772,0.35569906936389756,66.06453257598442
0.6881297927654579,0.9612299536318163,0.2461180657592199,65.52304336945008
0.5417503583493344,0.778273619802752,0.4739583830677707,62.264087299722675
0.8885734579637183,0.6480223348058991,0.41619815370462665,69.5478464609834
0.7792021248679025,0.7324930681408497,0.9731339086931259,94.59885841687647
0.7121110046234882,0.9082334891351027,0.6461670610000352,78.17578895250854
0.953177192547368,0.6994268226471807,0.4778216312244061,69.53229429094615
0.5555987411530756,0.3212709417877858,0.6643740807949567,49.60046339312408
0.7463125521454296,0.9516640868548845,0.3113573610765564,62.063447485319784
0.5056768223837096,0.7826687257220928,0.5552349993617623,61.09835453318189
0.7343303209970631,0.7735593700440725,0.7009874571368511,69.80719693484255
0.5281516378409187,0.450972606678402,0.5911182654339611,56.265014761030656
0.559408958134036,0.76121982916286,0.5214230405234594,59.30692698617035
0.5587631233885524,0.575705083957911,0.9950787111197585,66.79334107308671
0.8246051510580318,0.7558630839290443,0.9042518097191417,78.86792001579434
0.8730224396327116,0.3746151212155935,0.6987247665275521,74.19480275030969
0.7916843825485798,0.7604917132221252,0.6555018889458262,73.06591865777366
0.981086274237271,0.9995896080394666,0.6965283838596672,100.0
0.6874352897618521,0.3337484272023892,0.36104968625794664,52.275607509597705
0.6428560431409304,0.9840219289549221,0.5161101946114549,75.46809774102279
0.9342995640947301,0.5848355725060094,0.23156762631271946,65.4740839959051
0.6117979192597263,0.9095274152360813,0.5804368299894613,72.78528354446968
0.9816112697203057,0.8476698388407913,0.6344196671661306,75.15502393066514
0.5060772373449082,0.6969113826906674,0.38219978888256767,52.7955656392801
0.9849394133538195,0.8169144464759286,0.9712230777324111,96.49594896004217
0.5215799559752881,0.9149608929109434,0.9275636887497936,75.83143579226885
0.9455715568490355,0.5828982251557231,0.7777145883647247,70.64121562951198
0.76385055454315,0.528923213094267,0.6267093030122901,64.47204496244525
0.9964823980596502,0.7673153698945092,0.8959753277181479,97.63524464292499
0.5368982823676994,0.8654921593588809,0.3045218750587704,65.61566232641167
0.7769271422006604,0.833599594343631,0.832407835419908,80.75324732872105
0.9846512678095495,0.8584695542010441,0.29985665117347865,81.68614777404592
0.7615489220850744,0.6049083203690531,0.8353685300395244,70.68542624546768
0.8146993190676313,0.8724839513225151,0.4206140546010856,65.12090448988683
0.8478743444923086,0.3841463387594259,0.9016724648145511,65.27957731598825
0.7272705323838866,0.6811423685725946,0.9552336750603183,84.62608991444523
0.8137790400420317,0.3040310623486851,0.31903677552409254,49.798202762841036
0.7921571559615501,0.5272100809301892,0.5701404840523148,63.1752312754514
0.9505790052454945,0.5565230744099785,0.9847899025301481,80.62202439604833
0.522723190170729,0.5773208841264788,0.5867259487785172,65.30399021858389
0.6404815947961151,0.7868270446829035,0.8908380180116362,83.55895538284744
0.9752057420382794,0.5719906708892419,0.6709852177050559,86.89643477252172
0.9451318919454581,0.6140855358357714,0.5002639263356815,71.00964153846209
0.7278283763928565,0.46628089161202924,0.4286268444206962,57.62675981638816
0.8100662989007683,0.5612762541405381,0.36257847286886985,53.52856992556735
0.6386905914905663,0.459088739084206,0.8094385531021577,69.23636548571517
0.5940605798618807,0.3512371466379105,0.5092324054584223,42.94763570692298
0.7318492024699911,0.7224140153669645,0.6090203697606009,70.86784569947157
0.6766761140130264,0.7677489589885114,0.5938603840009455,63.298255086978365
0.791828055925436,0.73364324220673,0.661823223386505,70.95188216522214
0.5388673184824924,0.6244458306604006,0.8924617164996418,61.53552756965627
0.9871974038330833,0.5658500461254609,0.9845914748667435,80.86805833600397
0.9931053722398014,0.9043335547002775,0.5260673668590536,81.83195995983323
0.8490808570098726,0.6633572495953526,0.8620151376850425,75.98977248373292
0.7680481831720603,0.6354273143408116,0.8116222357237741,77.4191087808067
0.6547638081431639,0.317949446064505,0.6588231611644586,48.2650480017831
0.9068975098534744,0.5388734793383094,0.9648377148895466,80.3601221782878
0.8423655862769397,0.5661369331500998,0.36037961242272226,68.60870218342693
0.5813084696724456,0.5791759466278303,0.28741136824769714,48.14279930249733
0.9554635922469212,0.7061206584591326,0.8831695735643377,81.42241162131691
0.9112686214615845,0.6735217827088149,0.5513198533069987,72.65438046004562
0.974899956645962,0.7255335649554112,0.8775750833656484,92.22767616522265
0.86285975419418,0.8354182830794898,0.914472164156332,87.58637233422444
0.8067075979678949,0.8690900171012654,0.24996607489525716,66.27953491660352
0.7091215181453094,0.8026861533585461,0.9067718103888487,81.54755460902291
0.9663642416770066,0.9688665871684543,0.5586552442955377,81.0198205761825
0.9330319447502042,0.3127628078734531,0.6083459912033857,66.8834233978784
0.5226093350530947,0.4370445899784823,0.7012740088745681,55.775820811743706
0.5131834872486261,0.30529401248469945,0.9411060853840694,53.20123970581683
0.6882316834390247,0.753232299908222,0.21529287554381124,55.08179073070788
0.9052766653909164,0.9286213842649909,0.5814747746542537,78.8162798198504
0.9936380646574723,0.47043760760340947,0.7501776339444486,77.63936638275898
0.5752084455517641,0.9489241813574145,0.7781655661585829,81.81972583598996
0.7970653576760676,0.3421871732026926,0.7540259452296865,59.523275264735126
0.6904454283155108,0.9541052187638599,0.30754810352649753,70.9921358952754
0.9849571989073016,0.546135881067744,0.439516470697345,59.065820468086386
0.9210594615678543,0.37099457991445156,0.48697242033361077,59.07841061477424
0.9191643523555689,0.6401102314304279,0.843549766143604,80.10388168352331
0.7343465798974851,0.47974359740435557,0.42300789793164245,52.19166946843374
0.7074097511688326,0.49941103137334597,0.36856397109376254,50.307343548216494
0.6367035359653531,0.5151029754484006,0.965958415230477,64.30680817772563
0.5281877483254636,0.8621181284828643,0.20709062809077514,57.93987377382004
0.9323611881275267,0.6774128936726781,0.9982566845455827,85.0236708252525
0.9064505045650388,0.5179153894092026,0.7414570390859165,61.73032862244669
0.9998588366430653,0.7272336483176428,0.8627754395592937,76.41341638264713
0.9983184185369527,0.8013054719562354,0.43569551707695453,75.83649029758433
0.7777158528013137,0.4908368005134736,0.211452222133648,55.86266061363309
0.8844937075902553,0.589484371067746,0.7902956148492242,62.03156744858575
0.9723828649412141,0.3853202653358633,0.8673156776005406,71.56576494365915
0.9248236953387057,0.4268045446742762,0.7923809055628153,69.10939023363117
0.6236740508715988,0.7767824977754879,0.3142802298406709,66.93304409406504
0.7252720676550468,0.42700684338693884,0.8027423378055754,62.0995716113198
0.5645797075757475,0.667614368566942,0.8151382256861128,68.24309176873032
0.9770255136293612,0.7963323832057028,0.7268324125360439,85.82974997121246
0.80308731722544,0.3748138461663207,0.812892746236469,54.911463561714555
0.6143214027517314,0.6971185537402325,0.8767371517421858,74.73147036769072
0.8358503422029284,0.4795939485909546,0.6908832913899667,68.56886670083117
0.8090641202289479,0.9740488126663058,0.27088377117574325,75.76771073024516
0.6790813590164202,0.6384819527039473,0.5901022477337687,83.89386743082082
0.5567787960998145,0.8641947848426106,0.26211946773728406,48.650391309423114
0.8357865977963999,0.6851585795093832,0.5260344248259448,79.18635806413856
0.7601538504518967,0.3303887729983734,0.5256851913005021,53.67465325852971
0.8861591958678197,0.7432059629158156,0.2528078753121933,69.21541794158621
0.7600817505559967,0.9659823395446598,0.4790564271755835,75.96150135918634
0.9260907501592701,0.7211282741024319,0.2887984790330519,67.38189990879201
0.7759534193872428,0.873432201598753,0.8465881680073777,79.92380339043672
0.7804689857676932,0.9189445243438854,0.9581504207715767,88.98312197989817
0.9383268013291726,0.4596558403642527,0.2578531802063509,52.48148748771612
0.7017414331061985,0.44843138793575865,0.9640921658333612,71.61995588544235
0.5670076142253204,0.7276866921956942,0.6180612794693962,61.519898758170754
0.5143913381566695,0.5877199288646933,0.43965254236309914,46.486817900406734
0.8775686278368096,0.8879029120067041,0.26148966022093084,70.46652424925122
0.8101547756767323,0.9300161863786078,0.6004994144563343,86.25498899604177
0.8520398840496117,0.5473949655119026,0.8356124355925989,71.45405460963491
0.6064820807544553,0.4658093912821374,0.7656691818133585,61.49660956143508
0.5681857377933849,0.8463678606707032,0.240180809171179,54.70004348591212
0.507272332833941,0.49236422488369525,0.25832146829432284,47.77128714126314
0.6752937794032985,0.8758300229595748,0.5222986261061098,74.15080632632083
0.7949588434273165,0.596616777554134,0.43623239523835466,72.82879499892829
0.6961220225498661,0.7672849295040293,0.3859074584448383,63.46972016826055
0.7187374610118645,0.3668747196842677,0.4248035991269709,55.55347763138776
0.9520793472468743,0.736701527273601,0.8427861946375077,85.42771990808343
0.6741277335116502,0.6162373751160604,0.9433824429054831,78.59733745148026
0.7569947445799055,0.7106259242228319,0.5240821556220532,64.65958908350301
0.8918265063705715,0.4176099454214044,0.9248888017059977,77.13665495160836
0.6982713911606351,0.8158116214609274,0.4571965609983056,66.9406899419321
0.8110433501139367,0.9039579542802598,0.5811495890750333,78.28806124569991
0.9311818543733725,0.4517178600635429,0.3808231982527998,63.03674165572076
0.9747603118288211,0.3670001888641132,0.7123808337406752,70.90614190904707
0.573536740464519,0.3165470102324355,0.9831848921398472,58.01909206460238
0.9632938125807472,0.7493800503102861,0.682794476834703,82.90348210081011
0.7460581465397691,0.7249658252621465,0.4862512672908391,75.26300171584779
0.6291221941494791,0.6826881888998491,0.7182539567924227,71.94257172536055
0.7295678781191306,0.46236296728118276,0.2983365427723101,57.16960551139885
0.9900162876427385,0.5736341971338602,0.910927264212319,80.17333238058328
0.7463090469964349,0.7161334346303211,0.6024671606238692,65.53250696637373
0.664375805143754,0.6477368012014185,0.5594797936317137,68.00931787978142
0.8167004271583629,0.991449864150421,0.6686918307628154,88.46629206331859
0.6200728093890966,0.3955078267897132,0.699827090231522,63.504716947746786
0.5379316640543319,0.7866011878333157,0.2574206449812104,52.46392113102344
0.5644398609553246,0.5830231376730044,0.7460937769787219,60.48800540443445
0.5640229194788862,0.5997397304479303,0.3935453442524237,45.19302013851643
0.5759513467561472,0.8023184359607234,0.7711621060052718,68.43589624869864
0.5694135863247051,0.7847053059270588,0.8580278355073574,76.67477760101644
0.8204373724016073,0.9938791955915318,0.8431668060420163,86.34995999667731
0.5909400421995724,0.38987600261788763,0.6420007739263114,56.53568010377087
0.6728336416619316,0.37287675456891645,0.6161359138486009,54.4149143926153
0.9483942049530059,0.8070371719901188,0.3143007690715294,75.65987358567044
0.7369808201314362,0.7048708419044863,0.8202769203225084,68.91817833089884
0.8337788692605136,0.49191246659186405,0.4171275043573715,61.422325958239576
0.5861599356008149,0.3555935582922906,0.5973563382543572,35.870400566118086
0.5961445094043354,0.3599607747175014,0.4274192743420134,46.195408559026376
0.5204343081332394,0.9259336122648827,0.30706269039975453,52.74924979601864
0.5844675315360823,0.43430712730312004,0.7036461575133892,62.20057723762131
0.6392951695159793,0.5263600934808645,0.24346562785832307,53.96808751275007
0.5885052421383734,0.4586594815588916,0.79891618730096,61.899551132450554
0.5443512668785278,0.5484974140823561,0.45406943620889334,59.92822720904281
0.5603179355503004,0.34859668992226533,0.20010775440358827,34.87171282525682
0.7303893840163629,0.6633418536357892,0.6089033113897839,76.39193901222953
0.6031668592028963,0.3473287945145504,0.2374815268220825,46.8811781679791
0.6821349305240377,0.8602495554756531,0.4209356462567196,66.73474638293263
0.7517086354274285,0.4635984573373031,0.765581189964573,71.11192190893179
0.8451974143146826,0.6780083402231574,0.2501516972974927,58.260513350776954
0.5196560699205495,0.9160553612930207,0.8714707938848019,70.51237948155938
0.8997051994545213,0.7556141583330358,0.2030559381268665,64.46815335681028
0.8139501947454539,0.6730704505859346,0.3974590953615218,63.407062404043835
0.540879515974436,0.5270336271807629,0.7927232449216572,54.616650499544306
0.9367893120533886,0.5331013391407385,0.45301611978344547,73.57093768212415
0.9604362002659066,0.768640868638733,0.2815139104528108,71.06345417246304
0.5305389799274318,0.9958975528548173,0.48818713504034233,70.04517676480884
0.6384388240736019,0.7632874328945649,0.41631462910762046,59.80872200987596
0.9031006398965307,0.6904483921590174,0.874169521728444,73.04094086189535
0.8741298451918291,0.8114553571674723,0.45067833406811453,75.98337645219468
0.5922605096781887,0.6256439285986026,0.8311459774208059,56.805332446499904
0.6046746616683552,0.34209963982054964,0.9134977158485877,58.65474652624079
0.685236051395691,0.6936077711145368,0.5470539356612236,58.520487242202975
0.7422614925955107,0.970337699153766,0.9279545150835136,96.78752204744413
0.809127385765148,0.42271205965036174,0.5018544431705543,64.26319220850604
0.6844568197848862,0.783003423574466,0.9712627331920867,79.59372990266132
0.731267358066574,0.44065358206133953,0.27143161962045836,57.777893573594646
0.8737354690668783,0.6750793791311569,0.7496154132025943,73.0860024750018
0.518341601445299,0.3676735147527037,0.595051232365543,51.19591477664564
0.6262184721720103,0.6152596553807296,0.5101190443645176,60.33485510291246
0.8566747929422762,0.8293143302266721,0.7061695029988808,82.26733125726493
0.9476034188435997,0.5433000669672874,0.7630856733074649,82.35854843081951
0.755838721057833,0.7654382071410526,0.2034906157202473,65.77361199915535
0.7660567426326579,0.8568149725528105,0.333562470997759,70.41347383372377
0.553586005669888,0.9490244736356168,0.7704368405074551,66.345780635587
0.7237061834117273,0.46424945729881745,0.7331083308625652,58.72445513709452
0.7663086332275115,0.5795211410665156,0.9728380041029419,74.64299070102344
0.6212352518173648,0.4066912093312922,0.8088302322006264,59.77122007568873
0.6346216154746904,0.9947384515108626,0.9606181661850706,78.56514595312495
0.6886420815523113,0.9489006775470066,0.7620324012278457,91.86640038482594
0.5100355988888632,0.6779699911963917,0.43844176691155456,62.67338809648497
0.6610395827915891,0.8894233060634948,0.2842919378006852,67.68928907086543
0.6057240034982723,0.6646705840904295,0.8254590906759485,68.48909215641336
0.6637486760889573,0.7365099816019318,0.7153193771807327,69.14973597963846
0.5598810659096256,0.36238710248121164,0.238548809914637,36.28291917098218
0.9452636403699475,0.8286892943477655,0.4880403727207827,79.40308282758359
0.7967962267770243,0.38939943854466436,0.965439852387429,70.9255884305437
0.8395511595722448,0.8782473411767697,0.600320916568161,73.11992336087263
0.8945856193036692,0.8474196613692702,0.5461833088157637,80.7685777266898
0.7492210994645286,0.7961212884200835,0.5661596841274352,71.2107859323462
0.5434601440437119,0.32531226636733346,0.367106179204131,32.76295177532147
0.768553270909274,0.51218984916173,0.4949657366918362,56.7409939204299
0.7934205590104395,0.48417879893758997,0.4958506047897413,59.01131777586854
0.872719737092165,0.5520954852300634,0.24188401614997793,69.71767015718922
0.7158297731148398,0.36134992273468697,0.8140541028143347,64.4145564133348
0.5637901513977819,0.9558704761217438,0.5332035455231032,62.65975351275043
0.6418879528993622,0.6876615684986633,0.8577439094531387,73.61745219684435
0.6815411481993175,0.5138670174606165,0.8802784008959164,59.51743161680036
0.8229586206658006,0.5778870619519983,0.3695952437589265,67.79772835836049
0.7853891523344559,0.6130417783533849,0.725882785736103,68.66347472005988
0.6780483629489231,0.7204160333524321,0.5778254433303853,66.31395082485582
0.9932576243964899,0.6609755993875484,0.9041253903371882,92.09656895056445
0.8028874096784435,0.9435743812500921,0.3725925433411633,68.01959547149879
0.6186133958679972,0.6478744380340811,0.7422505602480354,58.990814246548645
0.5508912363102019,0.9945106103763188,0.6862016978021781,71.08056662890367
0.576429569592166,0.895997470421567,0.43624118205746626,70.51501805497473
0.622978864192254,0.44595736005013503,0.3092807229209381,40.66294986508413
0.5803406866297778,0.9514166502507413,0.7213118083818213,60.385227442959746
0.5932835120256529,0.3814564785198332,0.7908779665058645,54.5984720998219
0.6425475843469235,0.872214795943834,0.45250187501068,70.30067210673273
0.5866867976473774,0.566436305433606,0.7158660832178512,67.19070342521174
0.9483827123132126,0.9145820243115486,0.5161047260892027,80.53249068523579
0.5401168728308211,0.9076396830752151,0.7705655066260941,70.57906845093773
0.7622556947851273,0.8641477800823347,0.3593722199152425,75.48920926344661
0.7051984134948308,0.8530213054149429,0.9121720021089395,71.51927378356261
0.9911893084543032,0.5132753973686286,0.42992767717246383,66.41779929947069
0.5560194510840262,0.3566434981358765,0.49422879020492233,48.031139682865074
0.6989277995228709,0.582086125135613,0.24647356166427983,56.738059008693455
0.9847352166376844,0.42146716049055605,0.2892097698570211,58.82197006314795
0.9327535629469901,0.7864657622317232,0.6126895221698625,80.32588730876567
0.9085360354746399,0.5422698085764499,0.4140741413823772,53.23110148665582
0.6289514135224699,0.9829271406019404,0.8683841805937556,77.97886891514136
0.585443793695033,0.7486804541417323,0.21175471092396309,57.182978978633365
0.8343216099622155,0.8757363945440526,0.503275238937549,71.69404900969579
0.964687994563793,0.39276727091929386,0.4698764374152742,64.37620630805684
0.778381446506965,0.9034101375908357,0.21546210473408084,70.37552779832336
0.7858063447349499,0.9459300333593761,0.2994947192004082,70.31442693269753
0.6399895468301421,0.6409433431732551,0.5309141399349082,62.15777123762517
0.8847464665959685,0.7243770564256842,0.5942916675579573,70.78668450126357
0.5935218742787617,0.8353668606320968,0.5234317978038954,65.03145363989101
0.6618396182021218,0.42238703908228875,0.6247501427296751,59.92696551215297
0.7127182193082084,0.6517962535244097,0.6761053399245452,69.00909594863849
0.7538051893422275,0.5790641194406192,0.20793905690226852,52.685271828847796
0.6212048662075401,0.40246179451357433,0.5712761275628031,54.33734266680075
0.5574184123696018,0.557274095604072,0.9707993927100707,69.64436361186145
0.8053100212208163,0.3477206165698455,0.615225824103639,49.51356163848082
0.6443152766201279,0.31806833486464087,0.7420338139671625,61.2512184590261
0.7906191107113061,0.3946164024083759,0.4494910863335066,54.99234197767771
0.5771813576371012,0.9741805781124215,0.8191931025222101,79.7908517686752
0.7405700509274087,0.6846706751265119,0.8183371855008921,80.03093992227271
0.7662947162757929,0.976075512807254,0.6170368381233111,73.38198406621605
0.5259117684112135,0.6027485148310924,0.9808110586233709,63.10574020898331
0.6683021390969603,0.5182712931596817,0.3004401718101227,50.93984164034182
0.5672073384694871,0.6542993039881708,0.2135581319116648,47.008954870534936
0.5316874852363839,0.6076581820430371,0.8161265694056767,71.61338289528761
0.9949801161949726,0.37396527898322074,0.845724429891906,69.74723969037531
0.6611769224873615,0.7485784202831443,0.29616578329646104,57.2737322943817
0.9049372229273174,0.4512267277567197,0.4124662663668849,63.324026205764895
0.6273203273818819,0.7337115684284807,0.21404189069330315,50.11301762722423
0.8407513611119646,0.7551407646787074,0.4346468886244518,68.94774986506332
0.8801139299448433,0.40641739719005365,0.8185134991349372,71.47926988406992
0.7978193703039221,0.3429447389774677,0.6143684221700632,57.61074920870728
0.7357880942750792,0.8465331102479079,0.4784764745346305,70.55516019854596
0.7059204570736343,0.621860296638524,0.49739143592506424,59.79005400117847
0.6744341332714976,0.34071465685383306,0.20108290057237455,36.357099289149595
0.9647645721239129,0.9964064220188369,0.43984042205218876,86.06878426361672
0.9153097038938646,0.34044639269745663,0.7171669933103444,75.23185209116038
0.9825134553332563,0.7865246602009872,0.9793555550530857,91.40479835060913
0.5621486117427723,0.9885752476843894,0.8776486615871197,80.15361526458027
0.8654337376018222,0.4674260729511479,0.2188759717164233,59.91277512585795
0.9691702284105189,0.3995745580810373,0.9188484837398716,69.37647828002035
0.5906165330828301,0.3849694575957002,0.8265587306389008,66.27513389578326
0.5332481336833887,0.5122926032973169,0.8243008988567844,60.87933291627526
0.8705603246450295,0.37073206770745265,0.5663966072028572,70.11723503107899
0.787236556589956,0.7845129391858923,0.5184042343636023,68.24235601657458
0.920914388379136,0.3436042586910439,0.4423325830665541,69.01134877880494
0.5698861883131447,0.6565954897048527,0.25255588716349264,55.965964321456866
0.8976336559299452,0.9976877976970837,0.3825882907949593,83.1543268557315
0.6008136600238723,0.8697791886542132,0.3972829079824197,65.57701297517858
0.5818279714328523,0.7306536067617075,0.5872616557681614,62.28489339780564
0.5821328989654965,0.5143775345506282,0.7979555252773551,67.24007609219508
0.907287360115691,0.7367270854041469,0.5790478627183573,77.25493831097195
0.8325986103481,0.6689290247381561,0.2462755595577285,53.03800075076691
0.7615327123845597,0.59825836872326,0.9662318407905632,69.97021511192557
0.6794152420617512,0.39149726371813964,0.9541794552752898,63.80427153352345
0.9386002704065541,0.9206229506683266,0.8281516345187268,92.01959986844953
0.6962225537113177,0.6148492541749258,0.9930623212513765,73.91224163136003
0.9082997197357885,0.43623575827453553,0.6355858662402103,73.58474093401387
0.7195674542851092,0.5574315456141027,0.9702146802025648,62.79265995276896
0.6884722147124538,0.589890826770249,0.26048403249340063,55.41510802031768
0.7313398928348032,0.8792765268968119,0.49254459860909705,63.25199299307221
0.650688937082071,0.8135300663929814,0.3803050144054127,67.80729664459336
0.8738046900881256,0.8385134255489377,0.356666467307416,72.74452560821322
0.7513601950462396,0.30772188510005305,0.3126423591141409,50.73878261832556
0.6161063475734087,0.5913077987258331,0.6979309132527973,58.468884886711606
0.9497872866372843,0.6369409061447264,0.825057484597844,87.30818495379165
0.6919456106866058,0.3134345937761397,0.6626387195362886,60.422626518330596
0.7717764305569943,0.48186924612152393,0.3175701676705678,58.593456543356744
0.9532360554822734,0.8322028761854945,0.8488990159467769,87.83143205013546
0.812118997956996,0.39597679401029934,0.7087637657309829,66.96232827839054
0.5584490203541821,0.6747170920168142,0.5105325649015964,55.18191031735895
0.9699160618067375,0.45064131041206623,0.7393042364288505,77.32947254251664
0.8138540265357089,0.3084845422507253,0.4079239833942663,61.796624096680006
0.6674528073285431,0.468841020319679,0.4761537667953684,60.364444974110626
0.5696360363316937,0.9831116284370376,0.9339886745055923,76.89605296216682
0.8970125946351479,0.8610759783180926,0.43240360453713633,78.63533972633307
0.8100363779642568,0.9717036510247232,0.5759906145263494,74.34514054880107
0.7667305459881608,0.6414978307484537,0.9121129099168117,78.78642021952098
0.9469462915254788,0.37681533907425246,0.766177080214022,72.47383259828123
0.8942986056122654,0.683571642281585,0.2497625809317622,56.591934529979326
0.5758374398663756,0.6180641341919726,0.3178424354231763,46.80288395739166
0.6558610338977742,0.8910499579177311,0.20627327261753348,61.16232721475106
0.6242445699072329,0.3686578065489712,0.7047374321833308,53.98694309438245
0.8719731462863385,0.6417687959152447,0.5581387403283347,65.24691753960144
0.5167662173678897,0.40503406528578895,0.30741988072182047,44.47723164452463
0.7849448424356582,0.527273148823042,0.9663472968454163,75.26840437207076
0.8812293428703453,0.8161499541714596,0.6237277791564959,78.4362709298347
0.9383828183808747,0.6332126905581366,0.3935146352903114,65.75666528623573
0.6710408743579537,0.5631217996020386,0.6004828569237661,66.80650501556647
0.9106286523360064,0.5761333949990246,0.7436962661880864,83.45925713854976
0.5553158684776036,0.6216127378841907,0.2609913743788516,48.07605750528942
0.923226145867259,0.8495115806859397,0.4197630520383136,74.095192873882
0.5637443311659912,0.9244592822581641,0.845572392707195,78.50119627041525
0.6986436452801836,0.9687342805527497,0.567731896322129,74.25459613987188
0.8986476828897768,0.8508323703787066,0.637261713625836,80.95959711617553
0.5749587136743869,0.5207848270236088,0.5462528017675754,58.58040329561452
0.6146256976163207,0.7816942942605795,0.23511995411440412,48.27554661909675
0.8611262841965331,0.6063221868387743,0.33259982385612474,70.57283512788489
0.8600182682730372,0.47826943543223577,0.5564333109935127,65.41439636753427
0.8205738164426486,0.8886101055981457,0.36734837232634227,71.0505499389887
0.84697422223355,0.32689844427362746,0.239983222927743,50.87382424100529
0.7713622216737981,0.9312333944947964,0.8749197312414589,85.13279773040887
0.6258995294534764,0.6230342252373139,0.9849540233312928,62.81002312750273
0.6728479967519597,0.7460410337657963,0.8345142991973915,81.36290466908223
0.5907988584007129,0.7615477455440478,0.8830279373637338,72.56845202551662
0.9542252806668141,0.9265824184945755,0.3935817042536363,82.65394913256048
0.7916958973830602,0.7456687775170451,0.9685015804105599,86.73653147155319
0.70042570838182,0.7297535093320432,0.3575405635627427,57.39110296316138
0.7310029018220663,0.34665642839248295,0.9611438482894659,67.76904676903234
0.9736416698059076,0.6628856153616428,0.9958554351727609,85.70484375471885
0.5766757015580402,0.40511830057192916,0.7693782445968391,60.71447857334257
0.7931149160083986,0.8162036381050399,0.9849149854334576,74.27846150809131
0.752944339442233,0.6585553445688721,0.6556318236536829,69.06253472773558
0.805727117717324,0.7761594454458473,0.4076334265408723,66.57139768389962
0.5090550919104202,0.32917103042166895,0.5495967085324966,47.784422207658416
0.9360619544720757,0.35935441123206224,0.6748487483030288,69.24132221642193
0.9660591412418063,0.8014263716438776,0.258465249621612,69.61579042363813
0.7825665917946045,0.35045903519907134,0.6978746116937968,57.45472587521638
0.8483254119384461,0.34987970943568103,0.9849422694098358,70.24903620024594
0.9612496905886478,0.3084759326644212,0.3520861198269821,53.56558712589917
0.8536193171566993,0.9695509788096359,0.8340760930307067,93.14087774763352
0.5762695214571307,0.8162558516213048,0.9263190350236956,72.93167553838606
0.7881441800834066,0.5472759859514449,0.9549612742561766,60.01951747143305
0.803357523191428,0.5075749069013586,0.9681084835243579,72.22802447420459
0.712065335651193,0.5447922608220946,0.6171677109771776,57.786816225030606
0.8682221178123615,0.8422574718268272,0.9818463263932029,80.59767530895877
0.9671835073845074,0.76295942774929,0.8058481657075511,79.34999121818136
0.9627842564533882,0.42963689750722756,0.32933714898956956,62.32913275479258
0.725419685702066,0.421876534733859,0.581520085174376,64.96367241436826
0.5566190229203776,0.3688769547993781,0.7746649402976031,56.10800021155831
0.9924205994811672,0.7622119037909367,0.3978722526552667,73.28852998723245
0.919449043222967,0.835060863555215,0.7124921468391099,86.09691660018247
0.5623313406016335,0.4855324998275028,0.7332803832372954,55.52344914786537
0.9604209413086862,0.31466147272163897,0.3301597950468527,54.21098222796041
0.9349481810310641,0.3575201672334991,0.652068249962205,60.44102600230524
0.759419028563036,0.9775020243915213,0.8173015287828862,76.26272618203825
0.7956377178724646,0.5068113442341942,0.5991165316287536,62.592200521016984
0.6995013519350651,0.8384562034866936,0.20968249342088596,63.35835098455969
0.5273808194110157,0.7372644981979846,0.20723077526343375,51.597141244881485
0.6675986208229505,0.5673577477570271,0.4856234751760098,56.622218244077416
0.9014267242990057,0.4439810835368886,0.9409552547454256,70.39155796090307
0.5023160115023014,0.38497049271158446,0.382941423682887,46.181374255494525
0.6667495858455721,0.7305090776272066,0.7074909510973497,63.33941532847594
0.6990843467954717,0.8422436464464516,0.3776606965546565,70.76355848052846
0.7686978014689614,0.7507329774787914,0.45733599172763895,63.44588096907351
0.9599278082063802,0.6712114932744108,0.8784336716811871,80.08818019812409
0.6731729971829806,0.3293658564021454,0.7830891538159575,50.69802775371486
0.6734766009481139,0.9779421443160685,0.2763194218505685,65.56801390082299
0.8687506240548741,0.8590999341582022,0.5429616167891469,83.26912536985061
0.7261089704449035,0.5049754256906753,0.22333581091621157,54.88003443209485
0.612302411469991,0.9859792305511954,0.5847121172824072,78.51128302029184
0.7262197580663468,0.7213171127454254,0.7299472093608546,75.15428223243481
0.5704285101898999,0.7076958607450725,0.29480209887852127,49.43819886298472
0.5881934932531117,0.8236512256006725,0.4311079511273326,61.47928528269353
0.7491838863697399,0.8682388516630963,0.5182693004017256,69.41145212745379
0.709462724752274,0.7595350251320518,0.9356248197248398,85.00572988302896
0.95742295053405,0.38966702245634,0.9946040123383713,70.81642088366164
0.6811969495583166,0.5367872541961488,0.2359290391964927,56.40214630605575
0.7902941751390218,0.9496585482282347,0.8088063387963136,89.53474401400078
0.8161321439597652,0.45723092829069634,0.4973792531218746,70.23095058519228
0.5065472282941668,0.5605169166862594,0.5139665489835841,50.680711977227865
0.8317686860083553,0.6024538180609371,0.8034119786776182,78.00354133730828
0.5890179834348757,0.6075834927861166,0.934741145716327,79.60292941051149
0.9805351587347275,0.7290577077461678,0.9607428756020389,85.66878962588747
0.5743313638765565,0.9601530864212953,0.6616980688306566,65.44586306291221
0.7073120618635118,0.4684848982827534,0.48569692744040227,47.43182693090807
0.5426748340393219,0.3850509634106426,0.8300392686870235,59.49831894242761
0.9984371259229736,0.4382293429019561,0.40080110660984025,55.87978866344049
0.7510975051656212,0.9208474301464886,0.6512592230668142,76.69344557373269
0.797692508660022,0.7520675688586442,0.4868627692198986,72.5882004221457
0.5335382386942138,0.500134752467412,0.7253048589663009,57.90474504243507
0.8749802351995889,0.8711628572780321,0.39231913031480553,77.42511199150567
0.6049527965477929,0.9029589974544052,0.35327435658786066,65.74498496651668
0.9490271447203569,0.8925600370831945,0.9345912693403498,98.9597978868018
0.6025698202410036,0.9432485735476881,0.2814429463596295,59.39098463910597
0.5953438603318333,0.4765687141213531,0.6047663261879453,52.227841869926664
0.5182748339240475,0.8285293501223947,0.37668222637040716,55.283279044151776
0.7360334725549996,0.622377648091898,0.23114397066053397,61.154114911242814
0.7824205666313082,0.889398987023043,0.2288150546331411,72.64815651886268
0.5328543197141762,0.8099434740131293,0.3401774176846619,60.422756417735656
0.8877638083475052,0.8435132125498073,0.8934162836048003,93.2863901977131
0.7266444173740139,0.75931328637675,0.42598299518162136,60.40111226080544
0.7621951346637901,0.4242001386287948,0.9603673364602365,77.68011420782102
0.720381373469114,0.6815188432278567,0.6652978343913549,76.91705342008471
0.700381530437663,0.9892688176671558,0.5492913518150129,80.05006361746102
0.7798201656541089,0.9561716465479833,0.6640710677355637,90.16958549258817
0.5776201229653563,0.33022161505790815,0.6133587081810142,41.71341311177752
0.5909640652476356,0.415370371010606,0.8070210030058602,55.72980998910988
0.9308928105067587,0.3922101414181933,0.4259968527782818,57.93647138595439
0.9730577310668164,0.8081859369897069,0.48244031328024195,82.87722148810518
0.6866546581398765,0.8724497308998616,0.9152754420266007,75.6331092597445
0.6353723365717769,0.44945795641747033,0.9571652105203243,68.86252794717808
0.8219997716195079,0.6540968850662803,0.9140465819891797,85.47722711181319
0.7043670855490483,0.8884921196078399,0.5355583951658509,76.1368819878026
0.5126931778301724,0.8129610813363755,0.8242924024055054,70.98743013842517
0.5780762986830952,0.6795660438442938,0.5810685866408791,56.495211443392314
0.8579861144236988,0.713243383321141,0.5980318817168817,69.9995052054831
0.8294619709550757,0.655852382841396,0.3637440872458272,71.4750089452809
0.5135479962517417,0.5082839159231743,0.6729042426068133,59.051207992077764
0.6109860809664747,0.6955153950013113,0.3489087182026783,57.310102421884125
0.6155373982940358,0.7822197114350634,0.46525175925375506,61.540932084503076
0.8359463717993643,0.9113260411025654,0.8840241612959481,77.30583097740617
0.509855268877182,0.7454039477854736,0.3656606473686842,50.27060301837377
0.552054290992287,0.8327850759302104,0.2569266281387463,67.20991043641612
0.8999580426865947,0.4120501444682011,0.2552060740902531,50.39795076109482
0.5892723310271668,0.623090232093853,0.9526276164024863,70.14214088053909
0.8263730539259373,0.3065321338789653,0.6055363503694677,63.95917546801396
0.6190913905233633,0.47267520516513606,0.5275296574536147,48.2209158980432
0.5497206963796726,0.8085232005791034,0.8487028648063348,72.42826386951931
0.621586095499727,0.9942669659445544,0.868660742328413,86.0688838738121
0.8611334659278296,0.36942466971105115,0.46575282649248373,59.08151934884832
0.9278482340531429,0.5810460211029018,0.7548944459790363,90.66491652853703
0.9151099322834958,0.8600496780894116,0.8168982526815094,78.78559604711599
0.6985917648092275,0.44282494424022917,0.7237205494927637,66.8292000275156
0.8340425682853231,0.6885594645116003,0.3212760598400795,64.6291767983386
0.6024921477079105,0.8131499072207724,0.9007064668136457,78.93719510556798
0.6465738651305066,0.7311898151821252,0.631275642188807,69.44302494981106
0.9481679092605599,0.4316173142307913,0.42597794109600295,60.01698991035019
0.506500961755368,0.5487691980800176,0.5401825483501552,54.11650607406592
0.542754265427234,0.8486542491397779,0.23005687231912592,47.874983887968305
0.6039431275730136,0.6879585598924116,0.3022934409779341,58.80984822646027
0.5132661019369098,0.3036607294800389,0.8124374004126886,52.9604969495476
0.5907177175448987,0.8326935320196656,0.20000930780429294,60.96651586080707
0.7915207804848461,0.3247179484581673,0.5332526627858338,61.6478676105113
0.7107122752962489,0.8220136479118625,0.6180081448684708,74.48727151152546
0.9463358555384874,0.4417363921156662,0.24370753600077785,60.14734344459864
0.9087217808692205,0.9706514360835661,0.9784625303778662,90.37789307383383
0.670908675848938,0.557558525911459,0.38090026499973756,52.31229824760677
0.6297117167156463,0.5288521314366553,0.4433589757090247,60.715940762521065
0.6898462040836335,0.40422163523271126,0.44315400980402186,60.00213267012067
0.7951474712574038,0.5139229508431504,0.38433332969387995,58.21098319059315
0.6340318204114381,0.9136555332797403,0.20117905766904914,62.59870665924104
0.812074453924567,0.997434036339073,0.7834758352703972,82.45699343564132
0.7047058260956203,0.5578166713547938,0.9734763998394282,77.91251076356554
0.7760235904259901,0.6140274416681797,0.3794347866280361,65.3448578595857
0.7180632645676583,0.8054496567419158,0.730437753442738,84.88029958706058
0.6472328797709588,0.920337046325552,0.7935170615669722,73.54742296550829
0.9742266534810784,0.7151310339307488,0.8787403032724199,84.07712041353876
0.8818028970798804,0.5740679887244805,0.5381033576108873,69.97430904145207
0.5700565878832262,0.5888352885940367,0.4423447245123434,57.70256441755777
0.9342339879489564,0.7869327025477648,0.4602361072184249,75.33956859985248
0.7437155991247568,0.3022527845229951,0.7700970664788103,55.21509263299686
0.9472761134470458,0.7337125362218884,0.8534235732045088,89.31361028037851
0.8999276279736577,0.5488451073089502,0.3452911742052821,67.44464004261953
0.7126067522346167,0.855938131893959,0.4967528065262122,66.29955436600991
0.5112346541600588,0.36509344787619247,0.9215521573993202,63.043674782579565
0.634338679692473,0.7117415868638733,0.8453548157557915,77.26936666781229
0.7708171073304335,0.6366810229202866,0.9878867222099807,78.48517063691585
0.8167391099130736,0.7496278681336591,0.8033986077456647,79.38949428672281
0.6289438427166012,0.34539751613807784,0.5145561608223379,52.88085964963476
0.5696780370364121,0.7059886511996918,0.6725102671957102,60.00096560205716
0.9174651183996496,0.6930392115716666,0.7288114033978563,79.32541962176114
0.9922010903517761,0.6924620660913197,0.26276465305369917,59.73141453056381
0.7628450911513429,0.7224413666175183,0.635597567283092,76.07146888725883
0.5858396429241517,0.7735275560584536,0.7674566627780877,61.886000636254835
0.6361536632596845,0.8634922997765389,0.3338570432008483,71.53190224473245
0.5091953382737333,0.48887450408975003,0.8245053739404458,56.44045505276948
0.9571494032802494,0.8775345871260434,0.6670182244112893,84.61680738124784
0.5588755414450706,0.6487789775844175,0.9617774285580758,65.9680520567868
0.7882582377571268,0.3539407953940318,0.23393783856551337,48.32650894360364
0.637027610343603,0.34098565047078544,0.4122609100443736,54.81478165707114
0.7770890012578967,0.5339668230872425,0.6812431034398593,54.36443316169044
0.8257101941759322,0.8494278839780272,0.4372479297647446,80.07440888082779
0.9148709018536008,0.7953766543186409,0.7715393312569938,85.41161966222985
0.6032106358803015,0.8520304752706844,0.8072042260175449,68.09448948083856
0.5054979143292402,0.6620883395091266,0.2820127712531796,45.06676577207234
0.5684428150344036,0.6081392985688434,0.6110835713654141,67.68164247146204
0.9500093209240525,0.40321676869439876,0.6071124444728447,62.56323645337351
0.9369450387812577,0.5297349275265181,0.4954246161724329,62.637386866009464
0.7987065510851541,0.6038135563217126,0.9463398900557378,82.42680647788319
0.8002584302168267,0.36202030077573205,0.862005055898577,67.92393851471769
0.8325183372731277,0.4544283668978478,0.7577675055277096,63.46028608786052
0.5876856393117248,0.7187577058446171,0.771461308587998,69.03360286875363
0.9572059729624799,0.8149641799674328,0.5693729150504954,75.91754467542033
0.7093852624460366,0.9988432579750648,0.9367956168772607,92.25892194101327
0.6915692641247487,0.9531793319404904,0.7556763418026284,85.2228105523385
0.7594588526414188,0.749795639674634,0.7831848493246532,78.86085372149499
0.5234829833875275,0.5948736373058503,0.8893527230298763,65.80202002318785
0.5831416843780397,0.7453241552957628,0.4192572714737528,68.69938522165397
0.8690168082131853,0.8499561326561624,0.8456567230933625,85.64898668576828
0.5413993339625632,0.3828353336463711,0.35619248236519363,38.05065146815135
0.801576054733194,0.5869334227874017,0.4762735617959103,66.7599205959461
0.6226745548406605,0.887861599944932,0.4684883634158742,78.12458252478146
0.6946478070209883,0.5686830663531308,0.9828203747113124,67.18653150505267
0.6443468683853499,0.7003105898590305,0.8852297789983414,70.60817602196866
0.6778363582324746,0.7114385526035387,0.7609358892722078,73.1194310927353
0.8595229525921227,0.4291333771935475,0.7816454092923122,68.67219729273819
0.6485608578115876,0.5535648091566019,0.6496582355220568,56.64714061910942
0.7832023201484486,0.5341579021193524,0.9576725336868153,79.57472200343801
0.7380252010995498,0.3183376959724453,0.5970070023058893,67.18820607075111
0.8318355826813241,0.31693423472394866,0.5044141678959156,57.95713301510859
0.968414869662379,0.8821879305730413,0.3304282695452728,73.35353764650344
0.8662860486051251,0.4911495669809687,0.8289645218088464,64.82098720849268
0.6074701892953784,0.6626551363671708,0.7875551456604732,68.47049589228386
0.5155915675306424,0.5091079015121411,0.5074840308193079,56.64892674121463
0.6311320221499126,0.9584754715807382,0.2201547311673835,66.67162940298384
0.7975389653501275,0.4815077312060416,0.8711978621744085,70.5222565559825
0.5257129067421251,0.6007597689172546,0.2091343867632589,44.337109591923856
0.7481831236006182,0.9109111753392212,0.7629598237032409,75.42239350988804
0.7984214244584447,0.889353496754266,0.9762056877808456,91.64312819088265
0.6671219454084805,0.4302709924923941,0.5501290625185629,60.06644722346501
0.885456101872911,0.8618503168569973,0.38797872399676225,67.55382433137675
0.5532991265668858,0.6207308207165247,0.7638968080347055,70.90415887952486
0.5375688908679044,0.6380782104597487,0.8537025136124681,68.04841194558908
0.8640943781018017,0.39343598069116065,0.6371442528622779,71.2606139955486
0.7477456581030992,0.35642105962998727,0.9736282202049169,60.01463017387087
0.844201198213868,0.8095575148816356,0.24133497732636888,61.306814605494
0.7174136693018731,0.6475228066487098,0.6038364786436226,65.71091042203386
0.6232010166195534,0.6057954918306256,0.7747631578580401,68.01388395978101
0.9095511588370999,0.8106557600566777,0.8901123769193433,95.98961149308612
0.8997079394844896,0.8358590292937769,0.34340448952623204,77.35889041189323
0.8473482354272134,0.41123571736854747,0.8400027854109451,68.07384277620116
0.6360725686149813,0.7271576046343489,0.6421656605748363,61.815714382842906
0.7951153334345435,0.39474785759437986,0.5172429455919706,64.70186485658004
0.6804869484700133,0.825962560220332,0.30537202286327486,58.938940989340445
0.5457910366633171,0.7598686093869976,0.8922366071271299,78.87530074711746
0.9586567877311214,0.9696302347584205,0.3258185665437723,79.00687064135134
0.5684093154594807,0.3482706114494948,0.4478302873672794,54.07451156638278
0.9751186769104012,0.339938304805878,0.43203642556994953,65.09815483416692
0.7230028864789779,0.4975309522852401,0.8971312273526835,68.07700202574732
